{"sections":{"image_banner":{"type":"image-banner","blocks":{"heading":{"type":"heading","settings":{"heading":"<strong>50% More Space!<\/strong>","heading_size":"h0"}},"10bd65b9-e7e7-4017-9705-70169b391c3c":{"type":"text","settings":{"text":"Amsha Technology","text_style":"body"}},"button":{"type":"buttons","settings":{"button_label_1":"Explore Now","button_link_1":"shopify:\/\/collections\/all","button_style_secondary_1":true,"button_label_2":"","button_link_2":"","button_style_secondary_2":false}}},"block_order":["heading","10bd65b9-e7e7-4017-9705-70169b391c3c","button"],"settings":{"image":"shopify:\/\/shop_images\/Untitled_design_-_2023-11-21T102142.964.webp","image_overlay_opacity":40,"image_height":"large","desktop_content_position":"middle-left","show_text_box":false,"desktop_content_alignment":"left","color_scheme":"inverse","image_behavior":"none","mobile_content_alignment":"left","stack_images_on_mobile":true,"show_text_below":false}},"featured_collection":{"type":"featured-collection","settings":{"title":"","heading_size":"h2","description":"","show_description":false,"description_style":"body","collection":"bags-collections","products_to_show":8,"columns_desktop":4,"full_width":false,"show_view_all":true,"view_all_style":"solid","enable_desktop_slider":false,"color_scheme":"scheme-458a8df5-76ba-4260-b1af-5ffb89e38e01","image_ratio":"adapt","image_shape":"default","show_secondary_image":true,"show_vendor":false,"show_rating":false,"enable_quick_add":true,"columns_mobile":"2","swipe_on_mobile":false,"padding_top":44,"padding_bottom":36}},"7eb9259e-8218-416d-9448-18951edd633a":{"type":"multicolumn","blocks":{"template--21784850661665__7eb9259e-8218-416d-9448-18951edd633a-column-1":{"type":"column","settings":{"image":"shopify:\/\/shop_images\/dsc07765_jpg.jpg","title":"Hand Bag","text":"<p>High on sustainability and great on style, this raafia handbag is just what you need to make a strong style statement with a loud and clear message. Pair them with jeans or dresses, salwar suit or sarees, you are only set to look better!<\/p>","link_label":"","link":""}},"template--21784850661665__7eb9259e-8218-416d-9448-18951edd633a-column-2":{"type":"column","settings":{"image":"shopify:\/\/shop_images\/dsc07735_jpg.jpg","title":"Jute Bag","text":"<p>just what you need when you’re running out of time to plan your day. It teams up great with just about any outfit, given its subtle color. Go one, carry the world in your bag!<\/p>","link_label":"","link":""}},"template--21784850661665__7eb9259e-8218-416d-9448-18951edd633a-column-3":{"type":"column","settings":{"image":"shopify:\/\/shop_images\/dsc04984.jpg","title":"Jute Handbag","text":"<p>simple, and chic - a classic example of functional and fashionable!<\/p>","link_label":"","link":""}},"96e81ed3-4637-4fab-8671-0c8b75bcd36b":{"type":"column","settings":{"image":"shopify:\/\/shop_images\/dsc04685.jpg","title":"Leather ","text":"<p>ersatile bag would make for a great addition<\/p>","link_label":"","link":""}}},"block_order":["template--21784850661665__7eb9259e-8218-416d-9448-18951edd633a-column-1","template--21784850661665__7eb9259e-8218-416d-9448-18951edd633a-column-2","template--21784850661665__7eb9259e-8218-416d-9448-18951edd633a-column-3","96e81ed3-4637-4fab-8671-0c8b75bcd36b"],"settings":{"title":"","heading_size":"h1","image_width":"full","image_ratio":"adapt","columns_desktop":4,"column_alignment":"left","background_style":"primary","button_label":"","button_link":"","color_scheme":"background-1","columns_mobile":"1","swipe_on_mobile":false,"padding_top":36,"padding_bottom":36}},"e941e5ba-6d4e-46ff-9e38-e72b382dc1d5":{"type":"multicolumn","blocks":{"template--21784850661665__e941e5ba-6d4e-46ff-9e38-e72b382dc1d5-column-1":{"type":"column","settings":{"title":"","text":"","link_label":"","link":""}},"template--21784850661665__e941e5ba-6d4e-46ff-9e38-e72b382dc1d5-column-2":{"type":"column","settings":{"title":"","text":"","link_label":"","link":""}}},"block_order":["template--21784850661665__e941e5ba-6d4e-46ff-9e38-e72b382dc1d5-column-1","template--21784850661665__e941e5ba-6d4e-46ff-9e38-e72b382dc1d5-column-2"],"settings":{"title":"","heading_size":"h1","image_width":"full","image_ratio":"square","columns_desktop":2,"column_alignment":"left","background_style":"primary","button_label":"Explore Airback","button_link":"#","color_scheme":"accent-2","columns_mobile":"1","swipe_on_mobile":false,"padding_top":36,"padding_bottom":36}},"5bc6deec-872b-42e1-ac27-8fca10fbc001":{"type":"image-with-text","blocks":{"template--21784850661665__5bc6deec-872b-42e1-ac27-8fca10fbc001-heading-1":{"type":"heading","settings":{"heading":"<strong>Clever Organization<\/strong>","heading_size":"h0"}},"template--21784850661665__5bc6deec-872b-42e1-ac27-8fca10fbc001-text-1":{"type":"text","settings":{"text":"<p>Got a lot of stuff to pack? No worries! The Airback has all sorts of pockets and compartments so you can keep your things super organized. It's like having a place for everything, so you can easily find what you need and keep your stuff tidy while you're on the go. And hey, if you're the type who loves to bring back tons of souvenirs, this bag's got your back. It can actually expand to give you that extra space when you need it. Pretty cool for those trips when you end up with more than you started with, right?<\/p>","text_style":"body"}}},"block_order":["template--21784850661665__5bc6deec-872b-42e1-ac27-8fca10fbc001-heading-1","template--21784850661665__5bc6deec-872b-42e1-ac27-8fca10fbc001-text-1"],"settings":{"image":"shopify:\/\/shop_images\/DSC_3372_1_e8dedd12-3ba4-41ec-8c6f-e190e8df022f.webp","height":"large","desktop_image_width":"medium","layout":"text_first","desktop_content_position":"top","desktop_content_alignment":"left","content_layout":"no-overlap","section_color_scheme":"","color_scheme":"","image_behavior":"none","mobile_content_alignment":"left","padding_top":36,"padding_bottom":36}},"e3799110-c824-49c2-a063-8e9364465ebd":{"type":"image-banner","blocks":{"template--21784850661665__e3799110-c824-49c2-a063-8e9364465ebd-heading-1":{"type":"heading","settings":{"heading":"Start traveling with comfort today","heading_size":"h0"}}},"block_order":["template--21784850661665__e3799110-c824-49c2-a063-8e9364465ebd-heading-1"],"settings":{"image":"shopify:\/\/shop_images\/3_1_08cbfa6c-ad83-476f-9375-f86a3f6d2af0.webp","image_overlay_opacity":0,"image_height":"medium","desktop_content_position":"top-left","show_text_box":false,"desktop_content_alignment":"left","color_scheme":"","image_behavior":"none","mobile_content_alignment":"center","stack_images_on_mobile":true,"show_text_below":false}}},"order":["image_banner","featured_collection","7eb9259e-8218-416d-9448-18951edd633a","e941e5ba-6d4e-46ff-9e38-e72b382dc1d5","5bc6deec-872b-42e1-ac27-8fca10fbc001","e3799110-c824-49c2-a063-8e9364465ebd"]}