{"name":"t:sections.footer.name","type":"footer","sections":{"footer":{"type":"footer","blocks":{"d9cd685d-7e8b-4a2d-904a-168f1daa7a54":{"type":"text","settings":{"heading":"Contact information","subtext":"<p>Willemsparkweg 35, 1071 GP Amsterdam, The Netherlands<\/p><p>{{ shop.brand.slogan }}<br\/>hello@airback.us<\/p>"}},"aef83319-2097-4d70-b44a-fd223d79dc6c":{"type":"link_list","settings":{"heading":"Categories","menu":"footer"}},"cf42ea26-78a2-405f-b37b-627c65080399":{"type":"link_list","settings":{"heading":"Legal","menu":"legal"}},"512a44ed-7cc1-4ed0-906f-0616a0c69791":{"type":"text","settings":{"heading":"Newsletter Signup","subtext":"<p>Subscribe to our newsletter for exclusive deals and updates<\/p>"}}},"block_order":["d9cd685d-7e8b-4a2d-904a-168f1daa7a54","aef83319-2097-4d70-b44a-fd223d79dc6c","cf42ea26-78a2-405f-b37b-627c65080399","512a44ed-7cc1-4ed0-906f-0616a0c69791"],"settings":{"color_scheme":"accent-1","newsletter_enable":true,"newsletter_heading":"","enable_follow_on_shop":true,"show_social":true,"enable_country_selector":true,"enable_language_selector":true,"payment_enable":true,"show_policy":false,"margin_top":4,"padding_top":40,"padding_bottom":36}}},"order":["footer"]}